Nom du fichier,Aire (px²),Aire (mm²),Diamètre (px),Diamètre (mm),Centre X,Centre Y,Circularité,Ratio axes
1215.jpg,9180.5,22.329345161290323,108.115566133842,5.333083656790186,276,373,0.6993665089428731,0.4324317205430034
1215.jpg,9180.5,22.329345161290323,108.115566133842,5.333083656790186,276,373,0.6993665089428731,0.4324317205430034
1215.jpg,9180.5,22.329345161290323,108.115566133842,5.333083656790186,276,373,0.6993665089428731,0.4324317205430034
04212.jpg,5062.5,12.313306451612902,80.2855852268747,3.960296909690387,412,108,0.8576680394081377,0.7086836548756527
